,yl_000,yl_001,yl_002,yl_003,yl_004,yl_005,yl_006,yl_007,yl_008,yl_009,yl_010,yl_012,yl_013,yl_014,yl_015,yl_017,yl_018,yl_019,yl_020,yl_022,yl_023,yl_024,yl_025,yl_026,yl_028,yl_029,yl_030,yl_031,yl_032,yl_034,yl_035,yl_036,yl_037,yl_039,yl_040,yl_041,yl_042,yl_044,yl_045,yl_046,yl_048,yl_049,yl_050,yl_051,yl_052,yl_053,yl_054,yl_055,yl_056,yl_057,yl_058,yl_059,yl_060,yl_061,yl_064,yl_065,yl_066,yl_067,yl_068,yl_069,yl_070,yl_071,yl_072,yl_073,yl_074,yl_075,yl_076,yl_077,yl_078,yl_079,yl_080,yl_081,yl_082,yl_083,yl_084,yl_085,yl_086,yl_087,yl_088,yl_089,yl_090,yl_091,yl_092,yl_093,yl_094,yl_095,yl_096,yl_097,yl_098,yl_099,yl_100,yl_101,yl_104,yl_105,yl_106,yl_107,yl_108,yl_109,yl_110,yl_111,yl_154,yl_155,yl_156,yl_157,yl_159,yl_160,yl_161,yl_162,yl_163,yl_164
0,25.02222071260891,20.03966125761167,36.369804287945314,36.08019181063256,0.805207366633811,2.454612848063048,-4.868516727810189,-1.2932124638232125,-2.7145079990536956,1.7545415658741246,3.4757538550728024,-0.014617161470427444,2.985821791645018,-0.6886937576137412,1.4377259811041625,-2.7651725460331114,-1.5146680970354967,-7.150673821746449,-0.6394876580511735,-1.5094471409451933,7.40718901298296,-1.789241003419772,-5.4213698446317595,-3.3425788872355824,-2.0037100942112,-2.252453905941139,-5.005990301758997,-6.821674807768483,-7.303839718075472,3.296087281827772,5.548494114496523,-7.190757287813006,-0.5095933913993207,-2.517343789111768,-2.6470949267529487,-0.45149647766900647,-5.155213723282213,0.37675978843749397,5.5107446646946325,1.5565226720677428,-3.7992138477179713,-1.4280216569617636,6.441597281657104,5.86418851446291,2.860514098389677,2.724905052150273,2.1155421194530177,2.7550946775335206,1.4466503734188816,0.28882417149238687,1.5768924403658848,1.7518474100638979,1.766771776080837,2.4058770212580067,-3.909640120589606,-3.7602462818353,4.602319683344077,4.428208035232626,3.953744373284465,3.9284614782697833,3.655939617221612,3.5898318398954516,3.256584512646816,2.8292973589291606,3.5490691743007483,3.547140526782436,0.13046072796640915,0.7507186268395898,1.0534244192316748,-1.0534244192316748,-0.09430524734933012,-0.3643824256848787,0.5758404144805844,1.0677146726909568,1.5258174613464819,1.934551778406568,8.6626521928542,9.102546691822697,2.1901766008823667,2.3567727330648154,-0.08903167756342915,0.03946484524211726,-1.6101424772520763,-1.3593285375080648,-1.1453192070355556,-1.3542515057488698,1.6221260464233112,2.1135948127639073,10.748152103414904,9.422007282689863,3.951153812983959,2.4757756295208395,11.285690996015633,11.44393846183361,5.806993468326425,5.907902054135671,26.39317839280788,25.22762064993813,22.484248481264853,22.129630436258257,0.35871292355529727,0.02144856320751428,-0.23688482261165303,-0.14327666415116128,-0.06880957629358535,0.3465816998293998,-3.5552425150186244,-3.435983856916989,-3.330945223836095,-3.5062141148055432
1,-4.593450915167176,-5.567769912857328,-3.6722325206278796,-4.004385271952883,-1.888778464388947,-3.671344971208185,-8.538685465084864,-7.443742148492652,-8.134546568056736,-10.598988307728977,-10.553592335511217,-11.406365059344806,-11.571144946460288,-8.291438653673383,-10.876588868286094,-9.622374752101887,-8.996700740943382,-3.2536522360740676,-9.025159602521558,-11.612985614130116,-10.79301182327621,-10.49875223731654,-12.455135114418626,-14.845515983975009,-5.392687471336923,-6.889532419122471,-8.81520720806169,-11.152438646949111,-12.748100869869885,-10.863247475319223,-8.999311871019174,-2.809677400555959,-10.786044660124036,-6.748050593823591,-6.805288296585353,-6.954873722462636,-9.458175608117804,-11.620591767532408,-11.088123587557337,-9.8802515693337,-12.560635032826774,-14.522956897422686,-11.390360976260228,-11.010423438967203,5.799818047121691,5.381978838011927,2.841128940308766,2.739377488350292,-0.985693709747982,-1.5856256802197257,-3.6292611712555463,-3.8797638538777544,-6.387107422991789,-6.300690443575106,-10.808713472976546,-10.664211858608416,0.2086985678584843,-0.18473498254328802,-1.0711939196096827,-0.7754740486518199,-2.9897139562259736,-3.211142528405402,-3.95046485636795,-4.000872178407541,-3.9126858542606393,-3.9249319324094945,4.056700875851822,3.8313095828181796,0.13118665701877089,-0.13118665701877,-4.9382989469327105,-5.105176949043696,-6.293891023241545,-5.881282290987926,-7.1045016505252505,-6.850208338870532,-8.236462053955682,-7.649023118634426,-9.505149516971757,-9.575527341802713,-9.866372776687568,-9.593090386860608,-10.320046362826483,-10.079784316670626,-10.666050069531282,-10.262128781512152,-8.12912611854078,-8.241009826062337,-6.837212085846254,-6.772523581437635,2.805321415645515,2.8601909257097082,-0.3885136695784486,-0.574789644274649,-4.722803978656004,-4.397219060405719,-4.142872770589476,-3.6869918975122564,-3.1962242191669605,-2.9267778559236066,-0.27461729092484544,-0.23339553164917404,0.2612038996076323,0.24680892296638424,-1.4145995178517274,-1.976412166925266,-1.723767772885398,-2.3095334388406332,-2.235740007424019,-2.419464278734538
2,-4.140414733678292,-5.911949511862036,-2.4142636503156836,-2.442217720368683,0.5854613361456995,-1.143680464247297,0.9714895600281956,4.184743651355164,11.766232959669363,15.856760943890643,18.498849137707403,15.401888907393856,11.68201383776817,4.0426647961903415,17.094811224501846,0.9173043315071616,3.2619252784340165,8.224288401674,10.387334254826703,1.7136495312965625,-1.619121966869895,2.93228037057036,-0.5568785856534134,-1.0550116828079288,4.3063112833042885,4.793407501005766,0.2969399008824227,2.4708883143734983,0.4827062337313605,10.107801187433918,3.7404236316850277,4.874532513420886,4.027042754316927,3.347977785114856,3.5647267556722597,15.50359000070625,6.829312756609747,1.9823547766965715,-2.267507572205413,2.7402613021813886,-0.5922779970011993,-1.9613182893708276,-7.064307943061528,-7.391219927802209,-1.6584291297344902,-1.426674654402372,-0.5615473072226751,-0.8806612712374476,0.9084621557186715,0.2374023980748057,0.5623058075063491,0.9504637434458086,0.2069877149126574,-0.025911892810627477,-3.267768782922034,-3.076107601426457,-2.178572801362194,-1.8023569117108231,-1.159320783685653,-1.2328922452466227,0.4063809149880666,0.0753944572741487,1.7707357405490738,1.583553275606824,4.140004896073787,4.112281308625418,1.0179460548263783,0.6757967090263625,-0.15321465862166964,0.15321465862166778,-0.002744439279221475,-0.13621352095510747,-0.27161181863070705,0.16670309569367878,-1.4688398814971393,-1.0919269457102656,-0.5772838683554123,-0.3673377752115098,1.3876006617232863,1.3058153400388803,1.8676017762286028,2.2733435519969687,2.041146796276129,1.6334872768692796,2.0114940768352985,1.9196917455595282,1.0644591557303957,0.9324860698156414,-1.149367909264606,-0.4273564755053806,-0.04755841217682438,-0.536135489150161,-2.633698552526418,-2.238103754578253,-2.000903062395261,-2.0052682909293638,-1.8833193179673553,-2.1024196087104277,-1.9181062194922345,-2.1423442285250367,-0.2574075340109027,-0.10222756086634378,0.11673514045582696,0.2428999544214234,-0.2621784683268995,-0.22887900621078938,-0.061790245673006255,0.3019632131264016,-0.0853330670058357,0.2846871682778209
3,-28.148582316846124,-30.99207212372762,-31.779947420832368,-33.61820568928296,-9.978683083953635,-12.08673513698374,-1.728283736122483,-1.021652780730034,-2.1336820388346878,2.719735188215395,4.3589846200080835,1.3184050060258146,6.311825910999051,7.625366914474673,5.212053287611232,-3.5696001385869627,-1.8360810369635447,-8.472464660198705,-0.6305677808530141,-3.7617378573393445,-4.806575879452278,-4.864373301061713,-11.251391597787848,-7.869412395428708,1.2329826826970316,-2.8336098740229154,-15.161773335282879,-1.7678807239633874,-5.0589386540686565,8.295181094674955,3.511356622905245,-1.999717840005051,1.2055443974839783,-1.045264585839115,-1.467570569599301,-4.412414655396022,-14.346394662952028,2.1965857353783527,-4.068136300657456,-0.9850013856786284,-8.133337093355692,-7.953522763904649,-29.71898024469254,-33.31089722721492,-12.338784947926976,-11.453681468178322,-10.542215281244156,-9.681541573875599,-10.668449701115001,-12.462027649918978,-10.290189868422088,-9.984884659407532,-8.602969388927802,-8.797755335883425,-29.487576019185816,-28.82268454306552,-7.909730239814906,-7.435436972213212,-7.674448538700494,-6.739035050224824,-5.176420912319996,-7.068655272405724,-5.8937724923533015,-5.306961542479527,-3.4205689267305166,-1.8428551185662287,-2.9045161972320623,-2.7743487499224684,4.604073884649845,-4.604073884649855,0.03126916514979616,-2.878243328823217,3.54654149507969,9.142303769004975,3.057786452566797,3.06976843503765,6.726425851919123,8.493513643126047,-7.006700047456398,-7.915416276183925,-6.933608465470781,-6.742756041865205,-8.159225703239503,-9.345216335352683,-7.121757927193954,-6.993255512665329,-1.0758590105727275,-1.116454211803409,12.608221714844957,11.365222045839769,18.314213893639845,9.341371116637298,13.502459993458398,17.084983065861277,-0.06313828433371416,3.118216736449295,22.081766900848702,22.30511563892348,19.45353450285835,21.135626134981845,-1.2387472478485422,0.03755576742928157,0.8701799792757655,0.33101150114350225,-8.754507589114459,-8.632633831837666,-16.06308689469948,-15.108778658422072,-15.87357947003173,-14.96265486432755
4,15.806073262134088,13.904801318171664,16.379017918951376,16.428077559847445,-2.6418573959905616,3.4594288734970164,0.5886937485524639,-0.8375283171737622,12.817217805825239,11.99204287597112,12.293029979213827,10.410630986975937,9.584350054211747,1.9119143280534578,12.335499116657358,1.0807796194816792,2.231891511957498,13.80530304479716,10.766597909823737,1.8663062375632327,4.449758471040735,3.408592827804659,1.0231371847740927,-2.2776731412661695,-1.5204218028633463,-0.9115545990695251,14.229292584412407,0.1949227391247592,0.867538045789388,10.0872884452746,2.5906588865476885,-0.7714552598347413,2.498029310453086,2.445082769576884,2.7212547335128923,12.609673244260073,14.20451231394698,4.187660843644247,9.54158874284144,4.540831201852735,1.7296255265784037,-2.4643536141909257,2.066116435638243,2.031513482594075,1.068918917077221,0.7650971832263769,0.696559395586709,0.3514069291010374,-1.1302285673875878,-1.3467233245476555,-2.2156435941644252,-1.9528424382039646,-2.70606740715476,-3.0328069331777603,1.711430416895011,1.525248923749963,3.100675532895886,2.6418087275275965,1.0674530453366797,0.7867300741151463,-0.4810857241499588,-0.1823449629810505,-0.631804996293915,-0.3402150643498439,-2.3624579196197484,-1.3131160395067638,-0.6652724430631914,-0.9521227490216929,0.42251816910433254,-0.42251816910433276,0.23401117848423605,-0.593553104113465,0.022991664230438934,0.41456675205987026,3.760770272922565,0.8550295559775566,6.094310148464329,5.991189726005463,-2.161539177329236,-2.473409841262571,-2.4738368941658146,-2.3842148660504128,-2.9663213799183636,-2.597346277659889,-2.4255288545117506,-2.2158955928785167,-2.0935906776070894,-1.854147443413966,3.4981569477652608,4.456633096873989,8.488403145570729,8.989490372087747,4.619944439148419,5.071302759175557,3.2682637170966093,3.619025771244638,8.097429011092306,8.580015300582316,7.020389977595515,8.139408156105434,0.020091369148092002,-0.04213613221713199,0.14847794441506176,-0.12643318134602144,0.631816339440023,0.4483313446697905,0.37883981685713614,-0.3124412198689681,-0.03403647431661132,0.6542499439648465
5,3.0790939337419214,3.274558445425446,2.4136934398927723,2.0503108835372985,4.841961394516572,4.955282953925368,5.135288191402033,3.3219543906209346,5.275054631833509,4.751331156948222,4.248592473740886,3.9316652814807753,8.924864465479715,6.169166241099204,4.580582706196854,5.038135612913033,4.392099781668889,5.844685505228591,7.15186992447774,5.301728198456001,6.743562292599107,5.0734603875995505,3.9503870182520884,5.828265332884055,4.577544577745939,3.4145232473107714,0.6888056326073168,4.807201870413885,4.315691433080209,6.412694342274077,9.800948588916773,6.923243243726913,8.877176229499229,3.4032441670193445,3.1292847017002594,5.087703615075884,4.175668373728113,6.845388167949235,5.922158756142226,4.17985694413348,3.6295698111968946,6.173877671717535,-3.272523042185155,-2.9082473832699587,-4.372328498269273,1.069945260962068,-4.528004440327413,-7.416322063282972,-7.667423139190656,-0.9179605792872684,-2.0788499029242518,-5.448990800074872,-5.860412110777114,0.8603135773158177,-12.288794161839819,-14.659099943342776,-7.540480579687788,-14.43859084302281,-15.947097034852959,-6.490728439401519,-14.844874831650834,-14.518416984570397,-16.352068255400976,-12.70684386267532,-5.629830789561904,-9.453273510803045,-1.7975176425799408,-0.7925788907767507,-0.1731185109046818,0.17311851090467698,-1.8549867153162805,0.632681356383421,0.855254752331038,0.5967742989416871,1.5250197789295652,4.178093905356136,-6.5517167520112745,3.8806316994882097,-1.6496381494638324,-3.304492083199757,-0.7513256049285452,-3.905309631327398,1.6604371847838246,2.9196579908158276,0.7696434252235114,1.1802290975101641,2.1163887353797093,1.50860908046206,-7.861664800330422,-13.560902468479478,-2.408685965030806,0.16994640439553554,0.5365950429439741,-9.987020706358715,3.521673361301218,1.4146931366697884,1.652060565908416,4.176893522371734,-4.540544819618552,2.1069206686643733,0.2893967409693165,0.2951425164835205,-0.454991839361345,-0.12954741809148998,-0.2972208931831187,-0.4641059792348394,0.8639095181118066,0.22802626316634017,0.49868372557521384,-0.08740887860347399
6,2.804037691684209,-1.9981577763501241,11.031338742592064,10.342897019783047,-3.3694773961940103,-3.528869150654131,-15.382511403614973,-11.754246529478074,-13.428189266433147,-9.551493005574425,-12.415885448041568,-7.835541355555234,-5.997038110750784,-7.636770199229616,-10.410734008231552,-13.730290649885466,-12.017526424433202,-9.55867854454773,-7.417016584624738,-9.88808349149445,-10.19924248986208,-10.608067591870547,-10.325732802283138,-8.420736972852534,-8.873204372853586,-10.933400528966429,-9.67372194421218,-7.335087044193294,-8.424836370731704,-5.3448714607189,-6.271239409418225,-7.165329746082906,-6.566909594074187,-9.635883019153125,-9.765335026240772,-11.220023736729159,-11.990603101794662,-9.438662142559302,-9.484864344041334,-10.736032501421514,-11.889557163291386,-9.795230070287445,-14.251207524833744,-14.296851608197551,-2.2998490933892,-2.6964146268103595,-11.817432546714592,-11.468791767971155,-13.833844060990216,-12.765382993384387,-12.785123602775359,-13.139448736005056,-13.292351049542281,-13.218271970623979,-11.095225722540512,-11.228925907714267,-1.104183051470347,-1.324877660806341,-6.652799362294084,-6.61465194283054,-8.004393733981328,-8.477398337718647,-9.644919838651328,-9.744870246858351,-8.546068262785134,-9.106539059830954,-6.623761475926047,-6.052220042970752,1.2946695162351571,-1.2946695162351562,-1.3977421256921814,-1.2008200387067678,-0.13100833858849267,1.175390475820686,1.732655575000088,1.0782152463155783,-0.9225212110766676,-1.3757164983028318,-10.053919976681552,-10.589438606559009,-8.254282180712194,-9.035254725444787,-7.648728874739133,-7.761998771608081,-8.872720452209247,-8.942757298728404,-5.604671894245498,-6.206512556934423,0.9381337268107924,1.0150621103365727,9.171755905385892,7.216013600087343,3.8411549797678566,4.309622945441044,4.467550923714247,4.0341790118671055,-1.0330707101334498,1.2519767352047497,-0.2386068827649099,0.4953210744391619,-1.8782419288103993,-0.4688553111157248,0.9423164809441517,1.404780758981972,2.0723894497577833,1.430063125012337,-4.406455304058117,-4.690772119259311,-3.5998486521726827,-4.855274805865142
7,-2.913327094918322,-3.583969020014806,-4.535167533990211,-4.587525929514752,0.5847102796716656,0.5196487846340105,1.3096417007639842,-4.171338976290607,0.377396328157222,0.16558348959454594,-3.6135243643996042,0.5474895325171694,1.3880590109702122,-3.7230359463033236,0.3263941900528583,0.9995246830397827,-3.964520208273754,0.9581381714705695,-3.973107850327171,-0.00015319322025176237,-0.48149301875198575,-3.594025598404789,0.5753405369103519,0.2871999794817263,-4.454041983592858,1.4299420375594205,0.6812931250215877,-4.375157791087369,-3.851574560932067,-4.498142591816757,0.5568948371797567,0.9856487084193263,0.14137751722635328,1.3369146746238323,1.669201496493257,-4.6848950620444105,0.732138107710608,0.4721183211918359,1.2017750126469158,1.4532409253252214,0.7668936472159233,1.1980345059159114,-4.586256011146777,0.9991064555512462,-4.777909059842818,-4.488422883231141,-4.927258055285995,-5.04413977970831,0.13467234831421562,-3.393283430102101,1.1119815562826678,0.36790852201375457,-4.477227258586811,-4.483924822307759,-1.5485524012256628,-1.4015624404627056,-4.4568930182060775,0.1839193655021219,0.5799343005775273,-2.7265939848556293,0.07285214896783464,-4.280905575337493,0.22781410134820557,-0.07399473898000608,-0.008569694408321329,0.37407884130315966,0.704880393462486,-4.329659017712499,-0.2676576969500697,0.267657696950069,0.3174878486770209,0.15952651368516949,-4.393994525872301,-1.1587863990213059,-3.9642756854357546,0.8587444839801488,-1.1379031740145422,-0.38214570932639114,0.1485289355900548,0.20915525171704044,-4.609581386550822,-0.4982332727938641,0.3265848953288918,-4.088095358685502,-4.074405528041743,-0.12021507324046948,0.12128560603759622,-4.4590322845271375,-0.480678141023726,-0.9410490856129464,0.6600625911401127,0.437796084105251,0.4806167553322174,0.8900637447760372,0.44213624003162105,-0.03207961724622444,-0.5318161935245063,-0.23333371027348906,-0.7453378001468111,-0.35541207889637083,-0.4546348270837885,0.04921901542176659,0.05988015049352805,0.34553566116849477,0.9097976117877673,0.7405191363528026,-1.5509211411142774,-2.6881132970430395,-1.304054498888226,-1.552116628239441
8,8.150457275789927,5.800045352841721,10.601707570668653,10.51782452864433,-0.5404803549079349,-1.5944369817186659,-8.475114689284098,-1.8390004725488887,-8.317158543777863,-3.0080245107673096,-0.9916433939727164,-8.875348247672722,-7.3432917462728975,-12.479400687633428,-10.716043906330107,-4.788386828051798,-0.9548384580430387,-10.465294572157052,-3.79834454159705,-6.883939415120557,-0.4923650258427647,-4.233431800397871,-4.261752593063619,-4.037681331647131,-5.392578879688733,-3.235442436027455,1.0422374671863577,-4.795864039600892,-5.543572874181782,-10.400775009072067,-13.811987549851125,-5.085623959018635,-5.658804553943737,-3.92269375374837,-2.839496766187522,-5.3304695673360385,1.554426076181719,-6.045411826296527,-2.4455440877819874,-3.9975068019459576,-4.481486999419858,-4.665904770942957,0.281219360988119,0.7936115645018471,0.41033000856053453,0.6751426189759606,-0.6826200171148086,-0.8970565740634676,-2.308352465405451,-3.2233697907878223,-3.4205172803529353,-4.048971375605081,-4.611216082365175,-3.898202561305932,-2.909733630248909,-3.2462208741865117,-4.442747205083321,-4.513564007515125,-5.4487860113483695,-4.987767054940653,-5.493877401724545,-5.697608355912237,-6.382791714969256,-5.608362232491861,-5.325313093842106,-6.055307312676196,-1.069797458073205,-1.064326779038042,1.166439507818443,-1.166439507818439,-0.18929365215979202,-0.5101418833151046,1.1770759240967414,1.5482500694305548,0.9281915926682655,0.11255387684811707,-1.8993280882215307,-1.9134174426517432,-4.271133456613702,-4.862301263945928,-5.735656731899788,-5.759629414452264,-3.8827536618951584,-4.085989059058878,-5.011525900815127,-4.995007741275127,-3.1559886336589402,-3.565034174183173,-4.586933812338051,-4.110643006629683,7.3252995659496145,5.1454708021351285,6.581151814352757,9.035608128760016,-0.532141488508661,-0.8115242854539578,-2.065673793183056,-2.4272798383745626,-1.853937497205509,-3.1148771456478324,-0.3974091600026887,-0.2789177241766303,0.19678120601915222,0.47954567816016164,-0.582563081451194,-0.6288342158150344,-4.81553546230126,-3.5524968447227776,-4.2726388973706735,-5.108041597383316
9,-12.691793541731938,-14.092400688041362,-12.752156173949585,-12.267965547823968,-1.8492657768222693,-1.7990119771095374,-1.960413014844826,-0.6131157992896499,-3.598735470424424,-1.4632493558983468,-1.6609648262580499,-4.477515396418951,-4.9167452199115,-2.21031677660084,-7.4522930972488455,-3.241062376438743,-1.5797136961791534,-2.005898879965164,-2.2822912079376496,-3.2150119984920478,-4.395181604432106,-1.5515497698716776,-1.7006384156764935,-0.9198264524461612,-0.5380098648162402,-0.6830646837449723,-3.2164396549832444,-0.6550588481660796,-0.7941837336097879,-2.7936403957184415,-3.248547439369302,-4.34583037249523,-3.381769167552334,-1.2184346492635727,-0.7336145224359897,-2.5599337159278925,-2.8398174302133743,-3.6734449961759132,-4.2136563147496995,-1.746624393951505,-2.0551697133358564,-0.708127501971876,-2.0143310259771217,-2.095336907585379,-1.1471859556244948,-1.4683852870157343,-0.6955069357152518,-1.1316226511629226,-0.1556142536163396,-0.7444727121178923,-0.7207654379280194,-0.8218311292661109,-0.6756493402321933,-1.0996032141460899,-2.041078732836392,-1.9563921860109963,-2.708400698790818,-2.3773370871857833,-1.964321734254822,-2.4745991682054016,-2.4655130315965867,-2.8383526548861586,-2.8402669362717567,-2.555393618078269,-2.3208226350808503,-2.3512656008921926,0.08209345331881687,-0.5668498557760857,0.4278754214869833,-0.4278754214869844,0.014558983009793483,-0.31505355505207705,-0.2429882862673367,0.1642851296517731,-0.4294737307663878,-0.5047956386825928,-1.2217368709859728,-0.9738626761254192,-2.3906884915557374,-2.1866899406763705,-1.5539317797879126,-1.3036138939531337,-1.4710681326795316,-1.7774165311679033,-1.4998077663834075,-1.0220619294265736,-1.680660337512881,-1.5112051218779927,-3.0252996200994877,-3.029477712109504,-0.2999032984113647,-0.043159368566934676,-2.2905047267013345,-2.0530071274565027,0.16160153481317632,0.4646052052973577,0.9071813161852739,1.070823036688076,-0.2556255221701823,0.7775795723563842,-0.1239225388528871,-0.10007909784153657,0.4111915210624562,-0.18718988436803233,-1.648836384089171,-1.9933224099382376,9.183452747715599,6.737758449521054,9.807023190000494,-0.9094685767485754
10,4.845720858296731,4.329476531237062,4.865864598526745,3.8431999290600056,0.5352303487867196,2.534621517057825,-0.37855932834637246,-0.8350051409764052,-0.629656585790711,-0.8113507603329848,-0.7212598128599538,-0.433378523658832,1.662488031556658,-0.22385185863180632,-0.8534724942917729,-0.5410374389829808,-0.6288678689887047,1.9758106392811778,-0.8232955755528154,1.9171896480315551,0.0692918698684304,4.645402971059421,-0.5666786099819041,-0.13453594627040233,-0.5390440502476463,-0.23425434761679084,-0.3205558588851937,-0.6030861766535179,-0.44864550106865553,-1.0897994725441542,4.464907113892447,1.3740463336258921,3.098304444143507,-0.8285674411200378,1.0428258979291107,-0.4348932805721919,2.4629148473695186,3.9667376704391777,3.757968224043835,4.480496492798836,3.401515246433589,0.18887372428878885,2.331857065405489,0.21267011419997411,-0.5903248877814735,1.4080221614262536,-0.49103442574925904,-0.7879168157289514,-0.5733716021533697,-0.4492464087558543,-0.40370445803151167,-0.8293422570103476,0.051037557851167537,-0.3573240957136672,0.5853992264658426,0.7087306412304732,2.355238538812043,3.409339617556848,-0.10396295212575671,2.3811422101482966,-0.26529711599511646,0.20693837751410263,-0.037106502781124866,-0.2956449043625502,-0.4348851257081826,-1.126814173361169,-0.8173560663001156,-0.888916038781562,1.2750849669475035,-1.275084966947502,1.6224727215050163,2.6735245510571386,1.3168899480636465,3.0572714792095046,-2.1298633604094004,3.3382630261974073,0.4823968322802652,3.2160019074234754,-0.7977636198523028,-0.8543731473348757,-0.5681732710565408,-0.6324328458992861,-0.47293287811287377,1.9035978737260855,2.414208684664723,-0.8313568796905424,-0.6578340203277198,-0.7158483738046446,0.6133030075546834,1.7140929141025978,-0.2243622643564973,-0.8478219337268889,5.480869806952277,3.4766829542452857,6.247406732566118,4.377463555102126,3.4173318185662533,2.515614905155342,0.11862922869585907,5.605351681779363,-0.2463989535089479,1.5023122157678288,-0.6618080268521614,-0.5941052354067222,-0.031767710015613806,0.3082884265392456,1.1058111059878946,-0.10736532549011997,1.4544455568715196,1.9275039243320813
11,4.56241105585439,0.3048017744452725,4.984360295660461,4.885439808922313,-6.312850076345768,-6.800080508237672,2.156200373817537,-4.804471085484188,0.9544698007695022,-1.0258317493802902,-1.8413585945080733,-5.620799912038689,5.272609867535291,1.9438801199386635,-0.9731177986800265,-2.1081833774505063,-2.7287341802224376,8.027819570907218,5.737281398801269,-2.1009702827960375,-4.353745337509574,-5.535886763855729,-3.7679838897686095,0.7144113990717056,-3.5091799782043642,-2.1595273785627587,-8.305142789242955,2.0880105685770465,-0.03555880089753283,-0.43905299852184176,1.2507323847791654,1.2660658574716974,8.716575567834672,-1.7851119892629548,-3.7762562678014593,-2.6180063121734727,0.5421292488959751,0.7023771816609476,-5.21174421534207,-7.583040035213558,-6.197959803856642,-4.359495457484239,-0.8154169815360076,0.8168621108456251,-8.153369737796972,-9.247096603871698,-5.994770142880508,-6.290523988834704,-7.463392490840353,-1.7826117483216342,-3.3846296522102524,-8.578202137288008,-9.38619157883233,-6.996769333907591,-4.840961979152482,-6.523422324471112,-7.91599627174003,-7.885393761457951,-8.734985011264154,-8.66054889356794,-10.061375258691106,-8.247188238330319,-9.046789889839696,-8.204688101776991,-3.478388282002022,-9.300381000644755,-3.923646765932942,-4.477863077848339,-0.13447817069017504,0.13447817069017412,-1.114568785713571,-0.5993683097463696,2.7645801866725415,5.734259194654678,2.430313783130086,4.268075291312043,10.950903660387663,9.59153208824251,-7.045247246472173,-9.4878988039777,-4.060879618697687,-7.709834149341135,3.7662449480212064,2.503720540684305,-0.41745496015203726,1.2252128077761857,2.819924006880567,-0.9443918018190709,4.569163214054673,6.325355046838687,3.9007024444661815,0.9614880685119838,2.0942524221320364,1.974175147643261,3.0593754913186832,2.1162651847063025,6.202231262052136,7.109611087401143,6.9111220675970335,4.420140641805156,-0.22233647076831653,0.11383642080177704,0.2515071798760367,-0.14300712990949907,-0.8064747807380324,-0.9456712541780166,3.562391538552915,3.008858954747735,3.277624980262286,1.0766505347017772
12,8.818262230579291,12.693308572052555,10.090255444392374,10.78335361825393,-3.4120376207439116,-3.0705842256129237,-5.605415868002376,-7.071106274326996,-6.649512553898328,-7.383351079678654,-7.467433409447693,-6.324347544150624,-5.150308344658893,-5.904407037610182,-6.746136465264884,-6.260183703978758,-6.43392746805996,-5.515214605176983,-6.698747644689668,-5.381242427845786,-2.783376580134921,-5.247403084542498,-4.946870641488181,-4.135954405129774,-5.530763639914886,-6.19818888083069,-7.0058993919708685,-6.327739832594089,-6.602921011296144,-6.057203039908223,-4.234767223409257,-5.455638792710498,-5.005472714059655,-5.920382498237282,-5.632895058980981,-6.466761987218294,-6.283024061717325,-4.809871930961271,-2.9350704501377662,-4.556960263964138,-5.138735965263651,-3.919252454676112,0.7525905447280286,1.3618006268715883,0.27894877809761004,-0.1368577029051677,-1.5334939401300336,-1.417143171797066,-2.916471069984795,-2.9482606058328447,-2.1673382082870685,-2.6541634912246366,-1.6224061044042266,-1.4784477615920064,5.606779347612136,5.589679573876159,12.080142731666905,13.69329479524332,9.02867910147384,9.173615838467565,6.919739786203369,6.117284793406003,9.849385831273667,8.691165103124968,7.257219277452576,6.843950550954199,-2.3635420431251344,-2.1100971048331076,0.4398943340984498,-0.43989433409844825,0.8950286533008691,1.933399385680419,4.599129972865028,3.941964879449833,6.610544739097912,9.480782967953147,-0.8947873005227731,-1.229272407842974,-1.4713474484227491,-1.646365676950923,-3.43034475857589,-3.4867850971177012,-3.471148285544168,-3.448343063868771,-3.199921149681397,-3.032340856234422,-1.4616690443394136,-1.429631038393137,-0.7143243777650022,-1.1561927782203278,-1.7171536923940467,-1.6843785196676193,21.832739905080565,20.997009611417944,2.4705266492528426,1.6223305125332244,-2.5696312197970044,-2.048324706623226,-1.683097845002664,-2.2921290618844212,-0.756477632224177,-0.8547830988716658,0.6738423429586697,0.9374183881371668,-2.615156214808581,-2.649055598171201,24.738479841057238,23.220932963264463,22.369906668868943,26.432184576645124
13,38.22632701964117,36.59906153168597,34.65208538709375,35.88776006241811,1.1453868509079048,2.5056951815544326,-5.396484864835133,-8.665734364729893,-5.3304933272551915,-11.38996073005474,-10.601349875284221,-1.33109915901579,-6.19497957333687,-10.929822875060943,-6.271668609159557,-4.90822924277248,-8.767186531959299,-0.830004837515558,-9.678965786191688,-15.667947038491366,14.693013761306315,-9.391268696797272,-7.801498906201702,-9.571251193202794,-8.954106321234594,-9.454453841595791,3.420969865072621,-12.765950123768235,-10.58914381429631,-9.78786008685935,-10.277538894240104,-9.367062833828193,-13.637842722862302,-8.545156397184744,-8.233927195363377,-1.3859260880218358,0.976671711295784,-15.284322864415218,16.171068729148846,-8.569170673170971,-8.286195159546724,-7.675084975122807,46.70353552180197,48.12541086632458,0.6940957043517004,0.6624378184261187,-0.5699793690754698,-0.32205063633251585,-3.146619955677704,-4.065735175688513,-6.080082551331299,-5.476152145881044,-5.987986188093073,-6.049406620721459,34.74746683473833,34.538203887325515,-3.9781164512135727,-4.010635184143137,-5.15238093936137,-4.782565896655005,-6.000094950460399,-6.3597800855233855,-6.653474489285243,-6.358611062736499,-7.940259266717042,-6.734092946227133,1.2023284550097,0.7558101823727245,0.3747119291425916,-0.37471192914258744,0.9533581326093439,1.1089248547920365,0.48978096769628504,-0.8151032618866737,1.1446390160680926,0.8594079623536713,-8.372046579029075,-8.300979955121564,-4.967504165935846,-5.414435429224697,-6.422916981689766,-6.110781713893064,-7.282436309643729,-6.913235080602589,-7.900251509475116,-8.2532910552724,-6.317382593113378,-5.762049152618207,-7.690077327238632,-8.468650187335921,1.0755926736621633,2.9582875418878367,5.382056847398093,4.6445029637871755,0.41061450259268956,-0.684425234679383,-14.3045349191113,-13.757431826246394,-10.787398877044792,-9.775784185970968,0.04056739976083147,-0.5553700655884799,-0.046289635082820205,0.5610923009104576,-0.8785673272152658,-1.181927671106027,-6.104527550210438,-6.07261427064648,-6.0193536430670935,-6.827377952223406
14,-9.813671582535537,-9.886766330626301,-7.784746398772625,-7.951562149864133,-9.457974097942289,-9.25337347857062,-12.586223412505761,-10.649210346205066,-11.113466350109919,-5.405030359976859,-7.0097248575560664,-11.593575957523603,-11.200054525120597,-11.123259916351115,-9.551737683401754,-11.977301004667911,-11.071049179065179,-9.84931734725677,-8.0806543061875,-10.288461659602314,-12.934875250961655,-12.234537675484924,-11.017808081771019,-10.571447109192107,-10.169037655184974,-10.314258317024239,-11.062974626677692,-9.436097863170778,-9.974400666136706,-9.19070396003687,-10.687441190500861,-12.09256891916093,-8.501838657113948,-11.327699168645852,-10.73929681263684,-10.846867469656871,-12.18675858951336,-9.78676687023919,-13.18712262883345,-12.170403459389966,-11.253206080800338,-11.321259445090647,-12.735244112454179,-13.457062076665403,-10.213948687921455,-10.601588596177896,-6.459176705723055,-6.454184652234433,-5.290995371274871,-5.068732645544869,-4.9673380014926245,-4.775162353487147,-5.514380228254842,-5.341190494681351,-8.845739695976937,-8.513271660723387,-8.901510236288745,-8.878177125397816,-7.886803799697467,-7.86736060836686,-7.273336155791234,-7.321174367896232,-6.628248139476509,-6.375109675550718,-5.5236027092959805,-5.6942370617513545,-2.746968442030161,-2.5097311335662744,-0.026899184094694346,0.02689918409469309,0.4141419812275846,0.5569785774934757,0.4353412389067526,0.0742950999656621,0.284441747833024,-0.7367616286921828,-8.836253632559671,-8.724625342094964,-13.034477417221662,-12.9077939715632,-11.511500988460938,-11.758798506990361,-11.586164033887975,-11.493586316169715,-11.072973812622855,-10.64612160429305,-11.616574950162999,-11.239414279703695,-13.359501217951328,-13.377557570865843,-10.081636541851474,-10.482625630106888,-8.88606752352169,-8.61304965120592,-5.477920540265617,-5.589727633659619,-10.820335403791256,-10.497309350843922,-10.787082815153168,-11.041271052579482,-0.07863334094353394,-0.26646056487372105,0.10752701519869319,0.23756689061856068,1.0826447092972518,0.7370142538104371,3.256187473441171,3.676580193395486,3.7708725318573544,3.4758696397325104
15,18.119185354828478,13.078780822171945,7.710661992692848,7.573428249662994,-1.8398357602457185,-5.993353755031039,-3.590869506951701,-12.380830985094535,-3.2154277637541853,-13.791313053849091,-12.09904019637994,-4.854649474886738,-7.046636108403753,-11.254300342751879,-5.330412694112588,-5.884476112418002,-10.24031086993073,-0.02823345858494945,-9.116227452669534,-13.234938757950916,-8.428996974473618,-9.522881281627638,-10.972302437249358,-10.094419971794757,-14.224383227210938,-13.006426684272826,2.482661008982307,-7.058766176079874,-3.769908614640353,-9.817325451410065,-9.011261039883205,-13.24035377105245,-11.715893238542868,-13.394575601477714,-14.726352138282955,-1.7175060703330411,1.3977906192816036,-14.19007987461273,-5.114590602210865,-9.86468475572445,-9.835456389692933,-8.474717864643143,1.5991919580153253,1.086617938544532,-4.070048712334363,-4.0165293843082095,-8.458934726410435,-8.885055510434205,-11.01769430287573,-11.690254812281921,-12.2708702123215,-12.497195870887031,-6.305811184912267,-6.60509528765242,-9.043978222306531,-8.779162629621744,-7.79995756131256,-8.184421976139795,-9.92815231167061,-10.20178755557988,-11.597660086905229,-11.634706537843263,-14.464782823663938,-14.366517450913108,-14.589757148207743,-14.95056875161579,-1.5300033186959379,-1.4123194133649384,-0.18695440955843115,0.18695440955843187,-0.9881208661060514,-1.0053831737070513,-2.788894455941625,-2.926085763924265,2.9373049753151914,1.4215480847373358,-11.579554349291215,-11.755124094545792,-11.814335373004416,-11.10935688202768,-8.64180237432873,-8.126703253777677,-7.541737335596742,-7.584477161541118,-8.374433259416493,-8.266418574318589,-8.304942999245595,-8.758523034880271,-10.451873753159978,-10.150680901804192,-0.5353789086064461,0.11972444051854064,-4.763985863413444,-4.446867335868174,-2.2961159578205046,-3.0089511424865854,-13.367642046641963,-12.76290460596134,-9.106416320518775,-9.142858081903416,-1.2341762796591005,-0.07984676823193414,0.8263739040204252,0.48764914387060476,1.924912082771193,1.9246872429010524,-7.310050605905851,-6.727850560946178,-5.9747043838714,-9.941748465908487
16,-4.699995252884606,-4.888660776289288,-3.6621772742106167,-3.7525723348808597,-5.680272444821642,-5.552015141352509,4.132802708305848,2.361128461499128,6.373333138770808,9.443096488157495,9.398680135279676,14.731700556743798,15.927475037462152,12.319453938524305,14.218582376989227,11.744301394901548,9.3984265928259,9.784910565444674,13.721207826782722,12.61488952850124,1.0545981458980156,16.701578698518567,10.503642960867957,0.8932585976803332,4.25895421208912,4.103798264755831,6.272096208358886,2.876101240070656,1.0453980028796022,15.82958227925743,17.378091405911757,13.996124102511175,15.333230767850209,11.495389547780297,10.371414583880572,11.421939431857453,10.465087142107887,13.484386314880288,0.5564301790856793,16.303211368071164,11.336892554941112,-0.37955676583807646,1.8387442396724352,1.783628361235885,0.3720816768883848,-0.09522982527190556,0.2829954678055164,0.6279792947019777,-0.2035354375142834,-0.661696768787058,0.3557729918731577,0.35934793172334883,2.2799952652697786,2.5531872466910572,-0.2704385433616414,-0.17117565527681516,1.0002598649109047,1.6634896343896304,1.8258429613771563,1.889157350116163,2.845978522242771,2.820263587690006,4.765774034891961,4.746920239027208,6.849289322667506,7.1358658098338,-0.171443304527619,0.43586964502393316,0.35476249430136264,-0.35476249430136536,0.44608999112570963,0.8109921168188564,1.9820694079618857,1.825648163053518,3.4023303148161097,4.018195136916454,3.134599747136701,2.6254962345935775,3.447222419903619,3.9337098225607323,2.402289944910628,2.7576561502277523,2.165433314550451,2.4005132315031465,2.774689494829608,2.906443383353026,7.453269313443726,7.494440775005008,7.013659408600825,6.001230227143168,-0.8460091800297137,-1.2169768352005284,6.612667436526616,6.7350868186528015,2.4434573965187174,2.2039029458646895,0.545779783053289,0.01809154319701497,2.9682968303594017,2.2818777048839944,-0.2413159652666467,0.2693564565970818,0.021342758188479426,-0.04938324951891066,4.825803386012849,5.032259607536144,-0.20560727434676737,1.0726217818896047,2.824345823801884,-1.8264291405916275
17,1.1955946396720625,1.5023346673016171,1.1444656820145693,1.341593068391554,0.02493997574310336,-0.5239564930498133,-4.106108801104525,0.26299725584579847,0.4515053876006723,-3.9238639006172478,-2.946275502227898,-0.7184074367896031,-0.20677275453231075,-0.22903226850730277,-0.23152627964258882,-0.9604660000025343,-0.23870105031362954,-1.0327927353668,1.4947589334130773,-0.5356012041194856,-0.43482619405025863,0.6286811654785776,-1.2727853044955744,-1.8426289716797162,0.03624895443279252,0.2526715177600918,-3.3226213763233674,-3.995427498990506,-1.0368692044352792,1.4788375033573535,2.1438305022761575,1.1690334180672273,2.6823605790956977,0.26525918865889947,2.1852931193314697,-1.4554742057747252,-4.13863867358084,1.4504138005677036,1.046737500190117,2.206074911246868,-1.4279057200123542,-1.2977027692994467,-1.0560489117095007,-1.2752021153399296,-2.6833969029879547,-0.28523321856860895,-5.090483058698859,-4.260334978557156,0.14487539660550933,-1.2477832770539847,-0.9093784779353842,-1.9778442178954352,-0.37926193111572526,-0.7046582883481755,-0.48021378567075385,-1.0662642600482017,2.1520226870152412,0.9908855546952944,-0.02030483162731021,0.9389066723267568,1.7331149291031849,1.513847370939951,0.629623492502076,1.1969327286818106,0.7229468897722592,1.2811507420725587,-0.7373622825392462,-1.7348490800871204,0.27609945733367486,-0.27609945733367525,0.47482797549611266,0.8061689966682808,2.0099755258172194,1.409410118071708,2.2122288732572466,2.9923069470931773,-2.294941338555437,2.296310615663955,0.607647378239515,-0.7811483847260527,-1.1676982922365504,0.08028405858595948,-0.5451506379387189,-0.45712945482621764,-1.1915450616758447,-0.9619689473826825,1.2697417774746655,0.5047939674765042,-3.5556667652949834,-2.0971666257635837,0.3094939914990391,-0.24252784987385745,4.242812261713073,3.7581035182009583,2.7642288029574478,1.9768879008933307,2.998298921958572,2.372244114114378,2.1759694006071,3.5682781094051466,0.6175390290493393,-0.8217838140399518,0.2943271183471816,-0.09008233335657022,1.899932271968169,1.830058284792766,1.013778531733802,2.4881710516822615,0.6733951492793386,1.2944932917479939
18,6.632569353044806,7.393057587577166,7.145795191083203,7.442435205900996,-22.670584727366844,-17.483701045693174,-2.06023996172786,-4.331864339005012,-3.9299476177413237,-13.278819881517204,-14.607673201425929,-3.9745843878604776,-10.795022152528794,-8.938401819652931,-10.38329366214022,-1.5406833502777852,-4.280784029869926,-0.11531625090339893,-12.865328348910856,-33.052498253426016,-20.826260758386564,-21.50802407086275,-22.517923308511445,-32.53400036730278,-6.171412551605587,-4.892707498331517,2.817022143462654,-8.430420988175172,-10.600206163189302,-13.98605365210767,-13.082346805216892,-12.378646649452865,-11.305764041181835,-6.28571951828754,-5.626827399498831,-5.250541928897822,0.4333783985361333,-32.186688707866,-16.51427826159656,-22.12700935480884,-22.351886045278697,-31.39692612967337,12.126660768199635,11.731632550867776,4.976806855639518,4.914938164350146,4.791457271077506,4.461599223673481,4.02333316496276,3.062924008299866,1.985935337631942,1.8911037681786933,-1.0437301367021798,-1.165887988122567,12.257081021277536,12.246632988622695,1.0140939786599636,0.5484589099185572,0.7041741540634119,0.6045920660426525,-0.02557791514821955,-0.13238592462546422,-0.289534478804639,-0.16605753952870392,-3.959998999262144,-3.5204823309308373,2.4147250995052962,2.246158951957557,-0.6726364906825046,0.6726364906825061,-0.4847916805277512,-0.5208412248690983,-1.2594392619382349,-2.082744216506231,-3.7465813481807264,-3.9935917090777266,-6.1260233862785105,-6.202102401444099,0.2125048702113419,0.5003954842044991,-0.21181819422828976,0.3358630301449572,-1.195070486673666,-1.2543268482278742,-2.088527984879272,-2.0031064574001634,-4.984139130612543,-4.753500453248082,-9.856867056800242,-8.23907277003692,1.1226038575280815,1.9697970004808547,-1.2195120733471607,-1.4889115910667985,-14.351159941568321,-13.867829043813897,-12.794558976096338,-13.73250451462418,-13.24982446463766,-11.602074079282318,-0.22833501132538764,-0.3896291899623235,0.19372124159762788,0.4242429596900739,0.6043256530689761,0.5254996396505637,-1.4579495385661658,-1.0452348733744645,-1.2351768960631944,-1.995727197381147
19,-0.0035410854453892197,0.8722353884443278,1.5820476822701932,1.5494222665055528,-1.6711762267445591,-1.2991018936015348,-2.6352351149249564,-5.131620245266243,-1.949464803067536,4.567667816568749,2.1051466503725007,10.294109096027405,14.615221936980948,-1.5147512707951385,9.343357116765734,-1.7020549789836474,-2.9575215691870707,3.8021964226104092,18.53730271475024,5.111235336528017,4.39628061131406,16.4476850012788,4.528516294150247,-3.227102412298373,-4.564969917707284,-4.574391112014321,-0.45464070739076484,-2.952130983783977,-3.2965069592510488,18.39891276177852,21.947626380202138,1.7420236972038436,14.60149410610884,-2.004510089107251,-2.201190109436983,4.104003666053387,4.826928643124335,8.636550593656583,4.72440037038411,18.01008102314257,5.466379671259038,-2.8225883997660777,0.3142770576095988,0.9331336324228808,-0.06290177838611913,-0.19989382010930987,-0.9666952745132196,-0.6285738812228222,-1.5836199267274178,-1.2893533304213884,-2.1183486303364734,-2.3775929348392393,-2.6145051111806037,-3.0647887107511393,4.907495990594709,4.803276164537494,4.6595806784904035,5.083449477960731,2.6416456602519367,2.4597381445811397,1.8572682080095517,2.075937407829697,0.9613581129445821,0.7153224787885833,1.1190994788211521,0.8534539125167133,-0.6479279995505466,-0.8899981498029537,-0.03987477476566877,0.03987477476566746,-0.33212018213631406,-0.3249595244509274,0.33028470825143413,0.12203451390317892,0.6999208654914243,1.0954405232582936,0.024563232010120017,-0.09269442684520218,-1.586264615381677,-2.0956155759033344,-2.0419379146103362,-2.618642243616075,-2.0125165390330664,-2.2708190941982482,-2.7086236784785145,-2.368699620995903,-2.0153139141865166,-2.1254085682470754,-0.8347849318504408,-0.8126226760996078,0.8592734741126425,1.1751794247829142,5.227923371703017,4.730286315929399,2.4462956658767934,2.085192211045605,-0.7563759294105008,-0.8079342048415773,1.4559069285769268,1.2280060576040186,-0.058948165269176116,-0.1906375559332582,0.023845633760647793,0.22574008744178764,0.5037448856618268,0.8460256055518821,-0.5528443686959851,-0.6417131612812118,-0.6337074246714643,-0.7142442929751206
20,14.492258382908597,14.350961495194158,10.76522952283514,10.678034239621162,3.5786587178009905,5.594204725817244,-1.7873549000914897,-0.28307912623960596,-7.2442156881413835,0.31272335797149936,-0.01755677723647979,-5.366456371435121,-3.2498039638943026,-2.190100585441102,-3.6048916758824645,-5.1599327653312965,-1.5813385778644837,-4.406070226325288,0.97223499343125,9.185262716816512,-6.201054228593433,5.743227097220897,6.963476694594552,9.337566067416397,2.243744750921022,1.9699557879352252,-5.667165336281563,4.24403646470677,5.633595626798341,0.6656732912044766,4.264022613659398,3.8750895423307825,4.098945631045301,-0.3102439408653125,1.9743459040144258,-6.689990554340183,-0.9127197899532701,6.2321219017967,-4.841743701285248,5.104780530653007,8.872706941984262,10.29932638377264,23.190282269686683,22.050869268602334,-1.339836564032316,-1.15693801282383,-4.43533235249405,-4.39651146567303,-2.601852307319527,-3.056826581825386,-0.8713616982345157,-0.5012376412834463,2.122014521041439,2.012682726545619,20.279555157890435,20.292732252538784,2.168656935535881,2.021263418977193,-0.2726185731475785,-0.4601896262015472,-1.4606241934087238,-1.2549735105102444,0.23270554368773105,-0.15199157611917596,3.5196828190134126,1.9862788370374187,-0.40090445219474097,-0.14635701219477273,0.7476882332266297,-0.7476882332266291,-1.6333401490822852,-1.4848527623340675,0.013111070889259857,1.2291110953107953,5.448490279566249,4.467661548164302,7.010570769300517,7.205435184435256,-1.2060420692722538,-1.261704714463949,-1.3204168966504195,-1.8569539360610816,-0.40507806344945957,-0.3518803377395958,-0.07312509640340509,0.15367855465034821,2.1740918497099475,2.02234726793259,8.732207563060442,10.314558940946874,8.663714614782238,6.561350903118073,3.833235502794722,4.509075782132943,4.172388107021986,3.6730558797673343,9.29281472072906,7.736704707320712,11.286278972865308,11.114471701358472,-1.047393738876763,-0.11556307092517865,0.6173212084829319,0.5456356013190099,3.3325097279987252,3.6057802382721578,3.11331235130052,3.471511244517544,2.2648070687217023,5.00278894679458
21,-2.91798661455369,-1.6767585400190388,-3.4309364433691436,-3.2926807587771876,-3.8156506538549975,-3.139038937418894,5.811096207554405,3.9911863484108068,5.491042462998924,0.2848168155830936,1.0791704531007404,-5.938894381402749,-7.152690911561402,-6.894217823125196,-2.9355405697540395,-5.17564000998261,-6.100733060187846,-1.6167495273873573,-7.336484387421636,-2.541346153293499,-5.581242529085566,-7.3328778395714025,0.13397859140366258,-2.604498710557451,3.648234201305648,4.044634646471544,6.7961843838389555,3.0242990874732723,2.7562446951093094,-7.187611518002621,-8.377884098527545,-2.648170716434038,-0.7806384049331038,-6.501584741780184,-6.581845984905197,-4.604734284546643,-1.760236075006829,-2.898156123046936,-4.822938370905132,-8.271296311209213,0.06254732629714074,-2.8347852775584177,-3.243432899507422,-3.5244287231182105,-3.5457137814828887,-3.3633273182895165,-5.1296735130996085,-5.0283355076945355,-8.25614313088765,-8.1630194034251,-10.765342607995143,-11.118336937131772,-12.003580434383883,-12.077632786778452,-3.6767933419576746,-3.822258451175562,-6.342506232787583,-6.444925017355356,-7.955725141807604,-7.77937028371234,-9.322482198717786,-9.744350255760548,-10.935257530480035,-10.700919832043942,-10.848092173028142,-10.427447306872772,-2.0566502456063094,-1.9351782425954593,0.6879324498558345,-0.6879324498558385,0.18446453995058884,0.17723545684359376,0.9875995487090978,1.0247943545878266,1.5674270797727863,0.6226909117386396,-0.8323539762171375,-1.4430319893446693,-8.932074063742714,-9.134276545696082,-7.226905947429786,-7.122403217671995,-6.926344365222043,-7.10089806388459,-7.895483919129174,-7.539130562973749,-7.065958353100526,-7.129510041621026,-3.808020333800815,-2.1971751290258346,3.6966790359738355,3.388898359595312,2.739669227580159,3.4150786291096473,0.6740586002775893,1.0395903482394022,0.8181542601878422,0.5552230280697223,0.29408708479408424,0.24224389944367541,-0.21607505554781553,-0.19038692985239838,0.054482472245209385,0.35197951315500553,1.4132952822592986,1.3389036598022788,-5.341826054831037,-5.073163565522688,-5.239909440144213,-6.596882579907778
22,10.350666165144432,8.317807707474126,8.009323843220782,8.278088626476427,4.927122158764398,5.097454408294534,-1.2864034335903425,-2.132255164432036,-2.0292822974349805,-2.530566069104322,-2.8555125329600894,-0.9330155819331963,-1.0217090511113263,-2.1452196474455345,-2.2149191309802356,-2.16037749274138,-2.1323690511353224,-0.05302713422280327,-1.0472072556441454,-0.21565237026966189,3.041159699761174,0.7597681493717973,1.9715420589480688,3.2851676432731387,-1.9316853733271535,-2.1991643650499553,0.1795795363393454,0.8051149562428188,1.3478874870670545,-1.2201842850967604,0.31944479165492257,2.7026407114051745,-0.4913273394363428,-1.9545093675075698,-1.6489362769213205,-1.390645144316128,0.0610484055062863,-0.9887248106715594,2.726345093401483,0.5039364973208487,1.4560126852444113,3.27269362699183,-0.27642538971257397,-0.22637940568942644,-0.7334938717069183,-0.8550323811044972,-1.2836359678662257,-1.3521689373339543,-2.255610208539471,-2.4598374430253416,-1.8464596552874262,-2.5863034815900687,-1.6687449857339614,-1.6004944138082187,30.71870771370417,30.615626374155426,5.730312660300675,4.717693092749274,1.7397046026679042,1.7331704489514077,1.0450454349532572,0.7504470638532352,1.3014707415419438,1.5133748972771084,3.5312990676565557,3.3267480508883516,-1.2541384149080073,-1.268116816039289,0.12733029713098795,-0.12733029713098726,0.2103392243597048,0.5728847070516435,1.4229415063201338,1.1798038252354375,2.6381222023211857,2.9308126492049826,4.374413646729625,3.4929188881936626,-2.456095424460271,-2.347700294879959,-2.493049876393907,-2.1123571390369866,-1.7624661624126114,-1.988167186975017,-1.8817157163295866,-2.169407489766899,-0.5630301707147556,-0.994712586842393,1.1715392159414701,1.3734962435499098,0.15070631962131104,0.29645388520360677,6.064097901587898,6.801921710207554,6.8661946745581455,7.082649935139754,12.07292250316125,11.72960567495325,6.207592388477806,5.956978185617457,-0.034946035610862014,-0.4460603289453731,0.061897426770516795,0.41910893778571817,4.167283612520974,5.003111366823274,1.516850568714926,2.431551672798018,1.7187619240051049,1.2545048680529371
23,-4.653453939607923,-4.1739402793361835,-9.042293344329183,-9.435657795541905,-2.8371874449664007,-3.336636990485947,-0.4595636824640631,-1.949563321292027,-0.9666570017044348,-3.4374299977792844,-3.97012354224347,-0.7860779650751151,-1.3816040272058705,-0.5754224314652394,-0.7024160786419845,0.07095646340095267,-1.925213248648602,-0.1074170939237682,-3.130754566725137,-2.870497537464947,-2.4910500150951416,-3.2285487605115946,-2.4520158292911227,-1.854345538981696,-1.286726969772863,-1.5859850944842744,-2.29785758951924,-2.3659126147943694,-2.038942859848401,-1.6483669931183431,-1.731355516925974,-1.010854223018151,-1.8605205184299793,-1.4751929403074635,-1.3359860023565078,-1.077075068377881,-1.911713952928216,-3.1891093445267917,-1.7269724768303554,-4.184485758319935,-2.7946831086091386,-1.7429762372665798,-6.391634569808465,-6.595464128156823,0.22366271936103094,0.03973441680931716,0.27624134053687305,0.1866178102441982,0.7821104455326805,1.3402191704790756,-0.18390887633995812,0.11901380369882371,-0.8767584444285941,-0.8883320567243514,-12.692093587624436,-12.62179791027535,-22.829817848690162,-23.155378944879818,-22.39114440288808,-22.388534592354304,-23.881007884621255,-23.3208846672228,-23.730936677312428,-24.113828516081025,-24.021166308255278,-24.13455219645339,0.08995694468540219,0.4698659809252492,-0.5914679711194615,0.5914679711194585,-0.4031224686726267,0.11035983628860993,-1.21443395411915,-1.201852447408455,-0.9393642619214053,-1.5215125277278576,-1.875647191273567,-2.208304626320518,-0.6328832267658742,-0.5663580228036471,0.34336194186471003,0.07969380985791566,0.51008864100421,0.7924548653823795,0.5437028848590433,0.4987513090233713,-0.79055473507891,-0.7631606883787208,-2.6706366867609415,-2.233693569165071,-3.5170628378338344,-2.3465415929242464,-6.238193867261749,-6.6564357598049595,-3.7571592299653385,-3.607714145609228,-4.996431784631358,-4.618138501038792,-5.214777425164542,-5.863879989604645,0.2721445293027803,0.10961084505684913,-0.2338759310667262,-0.14787944329290065,-0.5272501133407932,-1.1954725188951887,3.8183534036646063,3.5315411333496454,3.445179229339591,3.89519341836175
24,2.7759161313196974,1.8282737800332802,7.293527049803877,6.9652265940374525,27.909124247592448,32.966934993758045,8.8144650175171,9.964968224565743,4.213376352938837,6.15192038768073,5.637732622870968,1.9249596416355552,2.2135853187864885,5.065390988688948,2.3657057547247993,5.715761958455142,6.635248932511201,1.5281155565234186,3.1289277263418183,9.851028245565654,5.1992844599005785,5.636227909059359,19.311476085561917,25.483526401840624,10.691318905120735,10.848585170253118,2.4374353071814765,2.8496171489894997,8.66451697973488,1.807916880729255,-1.5841196267976128,-6.214004900269606,-1.261028586824999,7.08553055508006,8.656925488693215,1.636263547723538,2.6487595326205633,5.430905086551088,5.641990522338826,3.7224925965008073,17.64560637373471,25.457795635745413,-1.7955485644995182,-1.0535007174326214,-0.13162517567835252,-0.21007837545453445,3.8735523278283863,3.422981615206482,5.123295360152248,4.839807198326593,8.07011290849756,7.681274409822186,9.185669057610472,9.938851520039009,-1.1994744311573222,-1.2249157500181005,3.0540671079046575,4.212283410495681,2.1795256405690266,2.710458444565975,3.9261315816684625,3.828660835952934,7.268831347163949,6.958995291458493,7.2590261748664435,7.032305238710577,-0.8401924963443199,-0.47338130579879506,0.3017558464112849,-0.3017558464112821,1.5452801437174233,1.760329224618309,5.497530984888844,4.73003313133654,7.910062778152899,11.822722530068491,20.796032441245874,20.503661794903294,5.192019230707163,4.989837268077594,2.8842047858525404,2.698724286412986,3.1997150901796023,3.6242289439490096,6.6219265448493445,6.608288034871502,14.25745186354069,14.136468958703619,12.617106816518218,10.75531862111784,-3.7993179589679427,-3.7046733763724835,13.240727119343923,12.132751511130365,16.892724357417524,16.224889752209652,4.612110960208456,8.054853788275087,12.211478980770636,9.261611861257558,0.4788038377072734,-0.24992832005255924,-0.13332036528056546,-0.09555515237414497,-2.543914716306396,-2.6196458177604867,10.741008082505067,10.813500062961058,9.918107312095215,11.565072752909478
25,1.0699888875659231,0.3199302763124174,0.2998266579684346,-0.9775256052070476,-3.7922049207251893,-3.2349867879352234,-0.22067097212639417,-0.8997611760135941,-1.0078603652044942,-2.6351300252160703,-2.097890211414962,-2.0292031081289097,-0.5221600849129151,-1.534048730652695,-2.5922789681082423,-1.3066596702743156,-0.6535378838422786,2.535247654429706,2.174970084170328,0.5209282660552337,2.4662686331680623,-0.8813678553173521,-1.3662062505162293,-0.5044087446606699,-1.5538031207088396,-0.9541824474335519,-1.5993537022587123,0.5372613840645318,-0.0642828228124279,-1.5842823251232017,2.339435583304486,0.5082675405943541,5.6852274354886685,-0.10765117404742265,-1.3019901471785655,0.13781495369044014,0.8214781266316089,2.172216370402079,4.234647409749857,3.2155488998833666,0.9198128109047584,2.340947711355712,1.1401680380783012,-0.261539850204646,1.6129465976071775,-2.623814548434402,-0.31293321412515424,0.7905289969689572,0.9996361960552176,-0.5682663993775182,3.321082695776203,1.1987108842050571,-0.4057502412818914,-2.243610252847363,-2.961326037647158,-3.086861480091378,6.4446734385643,4.599727387938882,-0.6725649389987375,-1.4358457935607565,-2.967070206404015,-0.386605345048548,-2.9203672217761567,-0.530816565997126,3.587311886559572,1.06558710816727,-3.6603087244136763,-2.310995633320714,-1.1791520941651172,1.179152094165117,1.8816232890262874,2.917930047330904,4.236799178747585,5.3996663157655025,5.022023275390355,5.750951522059216,8.803666360185915,8.198575804679857,-2.1648375291792794,-2.9503125711705156,-1.9582148695776662,-3.275114577946354,-0.6351214322797627,0.1963179556249577,1.9973211473004342,2.1373691533047325,2.7242175305111225,2.4952490493413646,9.051082250917652,7.220836668565535,1.828998533748559,5.6045274660663305,7.805519905915897,5.400504610361113,13.189570668044023,11.555322607156786,8.730256805409477,13.952669862219464,11.770371054106809,8.620843677563741,0.3950595080125844,0.17395290690035384,-0.33841047802978746,-0.23060193688314737,-0.8342226941939652,-0.49283317467067506,-0.46933409212019134,-1.1596637364101277,-1.036211083880925,-1.2091590404956019
26,-11.29843956926644,-13.05238429127713,-9.501279067164718,-9.786047675291453,4.760990121649025,3.2940150046872647,-21.00051030875384,-20.767157941832348,-21.040663207910075,-22.15356074092827,-20.996084843806177,-20.98114262973977,-20.876929487082865,-21.28513817589907,-21.169667915186103,-19.993200548439322,-20.255487373472928,-20.468876546920125,-20.039640907101944,-4.528388678064829,-20.56813584099405,-6.815887155760543,0.8098945849861061,1.3374952092348193,-20.114810160291096,-19.918833865808512,-17.732590337377548,-5.359608727079418,-0.3450599200291717,-19.108684549232493,-21.088877572823694,-11.435703258651094,-19.255853673475887,-19.889394515605083,-18.669880002012555,-20.065185514845272,-16.106218914307323,-15.27992408246853,-22.16276458358005,-15.936514613708203,-0.40155427602111715,1.4369576875950414,-11.828112114288025,-12.29220374119232,-14.9787018562506,-15.540975460000446,-16.051270613202426,-15.364116873616156,-16.929927089074816,-16.06513284927832,-19.39135429035339,-19.682835295756515,-20.684668062422126,-20.8563287023104,-15.178174524667009,-15.759297085472914,-18.213715112146957,-18.76145521545671,-18.150332815002102,-17.793863506803483,-18.60698712041877,-18.753000840317075,-18.53666983401282,-17.40947071483822,-15.69179231337168,-16.251992992489892,-5.233082087508233,-5.967997304468249,0.21409900963921194,-0.21409900963921438,1.2284070471545152,1.3349145628876948,1.5143251515673966,1.5835901800939691,3.339964326481865,2.643570508872205,-0.9664677774217142,-0.4125833522669611,-13.444943898893083,-14.45730512438938,-5.989910919385005,-6.35462961636087,-1.0193651532891614,-1.57752997997114,0.03343452734574187,0.22206760668672962,-0.25766262657259337,-0.6313929563174314,-3.2723277482539794,-3.0136012595831128,-3.071236569845279,-2.9746014456960896,-1.904325763600057,-1.1632261267625243,5.014787454589754,4.849438635638386,0.10727059053011347,0.6862414574569381,0.3616417556508962,0.13969300135056492,0.21532293761231106,-0.6226715166676043,-0.5284405046846897,0.93578908373998,1.0298247146641153,0.9440845287890444,-1.7292066607383207,-2.205535669750166,-2.593006538687097,-1.6934926524177543
27,2.095665382969764,4.19350329961489,0.4118266938868158,0.5735454826914925,-20.200394061411888,-17.813186302790214,2.83470304148273,0.8920915665736208,0.36358574320205417,-4.379010643585182,-4.1042993085084225,0.5487538770300576,-1.376722442906662,-0.4655702491123463,-1.9844545277723098,1.4074396254051664,0.003723090488118928,2.0861581723191738,-5.0953364823835745,-20.745779693625703,-20.484218116728865,-17.037545067774722,-18.42025073010265,-21.179018057693657,0.21142770294801258,0.4503578964001759,1.9044729990228575,-30.040636428523065,-29.362674056074095,-5.183828399096304,-19.750705119837317,-29.452224004905663,-23.934031004230526,-1.2678547610180906,-0.9615281223298421,0.31710964983524415,1.2942583733359012,-18.44988920922096,-14.627006577469752,-15.256412004506721,-18.380670683551266,-21.793723427900634,3.33440694457229,3.124380544663091,3.4785119371995012,3.3361449987950422,4.10470191169194,4.0274602085801945,4.487539275719471,4.309756134913435,4.412096318241121,4.628636235316922,2.77758270752174,2.5941000919538975,-1.777968448784591,-1.5422525535350065,-0.22282707118591455,-0.6095583203476894,0.6727065997700015,0.5667416675874606,0.5340366386682317,0.6032727860696045,1.2462590611946829,1.105111980066539,-1.553605869549613,-1.7077777041902853,1.0172955061422617,1.2798156271429773,-0.8312249226703003,0.8312249226703035,-0.07895651949667637,0.16300314475827654,-0.9596843742147539,-1.8448938929381193,-2.758323853173542,-2.6596915707899833,-8.165396737036618,-8.051604150198617,2.095524909294553,2.365452942353757,1.9943020946026195,2.3055356524418813,0.8099808374344323,1.4152906369092395,1.2210696843710815,1.0352058322544913,-2.4399226381439982,-1.9356019591720064,-10.253491058802599,-10.887311260676332,-3.104840193595799,-2.0858013125962365,-1.3119273973452665,-2.3332452583999905,-19.726081031657753,-20.77088585813858,-18.53035887442673,-18.01111839751727,-16.970480335827947,-16.676281978254703,0.07023791585589283,0.09397551594845466,-0.024578457580590303,-0.13963497422376372,-2.463824749094138,-3.2815123205772934,1.431396451280159,1.398972879515943,1.4324665088304624,1.9446397657326042
28,0.2227430534307258,2.5230908073211307,7.117756200781341,7.4380185802807155,0.41653955857743635,-1.727010017555051,-2.6716647917762866,-5.661268566155939,-2.8869234066195175,-5.1086331556895965,-5.857770450263613,-1.4911236468690685,-3.59101282960643,-5.759351988922141,-2.127108152672771,-3.5022653719935395,-4.969819813904503,-1.400345227832569,-1.8955153734794923,-5.187944036833216,3.580466099302302,-0.47233879500558484,-1.600729850905492,-2.991517619628397,-4.346361247920784,-4.528923576855988,-1.9683337385532187,-4.547342934329308,-3.434195933364488,-2.373237188109187,-5.258664070744382,-2.1070940218907013,-5.386608428491396,-3.9805637882648934,-3.494077794019232,-2.419783570638712,-2.09942727725955,-6.427006420359064,2.958935102292252,-2.5226261529752136,-2.9261183445020893,-4.878605957933649,6.418999694565894,6.1367699949443395,-2.8474590976492755,-1.8417622017918114,-1.1928184643532058,-1.5963194667618998,-0.7822094655318619,-0.4068318604795673,-1.6800370483927554,-1.2615141525619618,0.889520295555715,0.6155203239327988,9.474548673464497,9.79307739752278,3.8565510571184896,4.235275750840712,3.9949760009156625,4.573294954208283,3.9494592811708076,3.9062329214811555,3.8907491266951943,4.132236779787783,4.350342870305782,5.110862623026876,-0.4783145173433491,-0.6179321013845613,0.9534355797496318,-0.9534355797496307,1.241525720826331,0.5222766609382683,1.2581826552638942,2.896288489098243,1.0608207464410777,0.35474578374655025,13.355077549171678,12.743356436845719,-0.9178829186202456,-1.3439040667744586,-2.057420730984977,-1.6212627875240533,-1.4210074015477996,-2.6151104811492663,-3.185086165528453,-3.0740812619166777,0.2642603051697849,0.3329908061851213,21.8855771779173,20.448060482060882,6.361484571218502,5.46248054068419,1.183348080929892,2.1002538935377473,4.866455672894795,6.861598965716641,17.18361451873196,16.096850313723785,14.098292103890913,14.34280113300836,0.41055528211364123,0.10831840939671122,-0.2400334041723724,-0.27884028733798094,0.8554984823556299,1.4289658361187088,7.108793067925481,6.722070303259573,6.119090446203507,6.83774828029203
29,6.707784541794997,5.731849151998169,4.157876319239218,4.488202141915894,-1.7844235722217787,-0.977592119349738,-0.5242677160813718,-2.260534389851353,-3.184108190733969,-3.9714703375356644,-2.5172396442894853,2.5241114471394774,-0.8540766697724985,-2.383157946293423,-2.774816882674359,-1.130849883195975,-2.0435741562266276,-1.2190389538454978,-2.5117485918381606,2.8011733565605934,44.10028438469918,-2.097641126619809,-4.3237960870818934,-4.855512882293507,-2.1490411450171916,-1.9037711568997833,-2.2738602216445276,-5.739024507513095,-5.318254674322621,0.8118922274681134,-1.9249950787413805,2.507440471353053,-3.592791830232595,-2.2000319729411104,-1.9185698251309677,-2.3164881781086866,-0.991088345752842,-5.288127407228959,44.11291033844057,-2.247676211318008,-4.014701824633969,-5.8328205574647125,4.627478627519344,4.889380423474626,1.1942251240987838,1.2023833647269393,0.5534735511680217,0.5823636233649819,-0.05446981677546768,0.022563889953337985,0.1194170777463617,0.07965789484250725,0.44707819485825434,0.17794588203113923,4.490063458644332,4.356784446850875,4.6585483551962845,4.791264140199724,3.2481076833149736,2.6870301141182003,2.739103248169721,2.610353869783626,3.1077197865252026,2.7341851504295738,2.45109092125001,2.480061160292062,-0.32142961804027853,-0.2748476754264969,-0.004328695428860091,0.004328695428864465,-0.28808526494826514,-0.25914879379681444,0.7618456965261624,0.449428329912453,1.7260250944716886,2.6006669719311546,1.9797925295564864,2.0169385061217766,0.02246035107698717,-0.2893603767561284,-0.5060982060087733,-0.5526329797732522,-0.711284191143515,-0.5440615085280924,-0.5202424179941951,-0.5253928469942795,0.06107783202084133,-0.20157769018665037,0.5376025978246548,0.5967725640956952,1.798961178898063,2.2186570507921477,6.731555647099027,6.294810137325888,2.0561118357917922,1.0840922287444934,0.24264077614985616,0.34466043841548527,1.6700392390210872,1.864945577420587,-0.14996310629510623,-0.2774862801948092,0.1113281414067713,0.3161212450831411,1.5440451517002143,1.829545339660637,2.8749415213441027,2.57368705360359,2.5824929733398365,2.3066889951396736
30,28.273869133431663,29.077594644414873,28.657822475915015,28.82361532770568,26.107727478315205,25.439867702723923,23.05110741595219,22.629955014573856,4.696167875873581,4.233165610728241,4.845809434883935,5.730331181236469,7.633641990655183,23.696820134401065,5.209221534320437,24.305866048873426,23.05648679807545,4.782930484780982,5.4215878754541675,6.70885545898711,10.79208834398715,15.171470565263034,8.36641206195657,6.049934374065889,22.67486702226648,22.65920939079738,6.999241790858026,6.982384055800388,7.973251711399915,6.672995808491176,5.5467489864629975,27.65500617348209,4.487621801104395,24.26875895289567,23.9453212863094,5.1518231362371925,5.777392238105644,5.5806026352622835,10.203217166014387,10.92514591253542,8.345125285526784,5.5119902761857995,-0.19331623374389686,0.09789938522327421,-1.9030081544121165,-1.7518362443576379,-1.683039412575319,-1.6929735742766197,-1.666750597961714,-0.6815458648547232,-1.106510425316338,-1.5932650921817169,-0.9360433656719224,-0.7583122170551819,0.5124707948347083,0.37344034959754857,2.2632509266997145,2.147694666734229,1.8538619839521928,1.945428412945856,1.8438220841151676,1.7074196645137114,1.5947674855767928,1.3986663162522615,1.7931754820776766,2.105575786242505,-1.9102449770990673,-1.9279596382977087,0.07038990259628987,-0.07038990259629045,1.3677610279108794,1.5899543296583765,3.581849867437143,3.6609895740124467,7.385052641546195,6.797557058910575,6.043946628540695,5.899017402107076,-0.8063656001677045,-1.3418149259728096,-0.5450602168880938,-1.2539581235252137,-0.21353734746094083,-0.1715756407137322,-0.45274414507868993,-0.09805839603030042,0.5919384506931767,0.4397442139908628,3.304979314779439,3.5330065110891895,-0.10147962800360277,0.04812189900918884,5.767531982760448,5.580356169407258,6.6006662893577355,6.283460761666736,5.761325067091255,6.74953779386729,4.89598577313569,5.152416956709239,-0.09913359542950369,-0.37585672099441003,0.19824382818566824,0.2767464882382503,-0.6244346760406302,-0.3939888295678336,20.24942653526352,20.29510823183439,20.520607055266925,20.48700505437696
31,8.51851915156835,9.113364936779096,11.073778567279492,11.632318983368576,-3.915215600968239,-2.2841402720441337,-5.562345139237056,-7.487209120486148,-6.2014194450005276,-9.324703579240452,-8.393789119619623,-4.151681128714738,-6.5427159050889205,-8.196048892235511,-6.1688946488686325,-4.8787623023566695,-7.060173232866872,-3.8426960727689696,-8.415570422438742,-10.517348618869145,-1.3299471455082157,-8.136497252530427,-7.71022647707453,-6.304829592937391,-8.360804569370494,-7.79725736008622,-2.0775874258877685,-10.016967905295548,-9.115840840638544,-7.26349883841862,-8.76415293234153,-7.096411709822871,-10.334552033881677,-7.081835810959145,-7.410466609628233,-3.9102299370263705,-2.357325650140438,-10.93592532222772,-0.5126618024270577,-8.060131864449886,-8.422318515436638,-6.431891935349378,4.908661646660645,5.18476755575976,2.1826465443410505,2.062096767410902,-0.467706296945064,-0.9889293567525603,-3.1976785994165318,-2.901559280201166,-5.02707132278083,-4.579228760806766,-6.077208983912802,-5.545698592317379,5.537810687346878,4.8853204526220875,2.083869279448663,2.3987791365928492,0.30719986900430096,-0.13079343830481152,-1.5724081157332195,-1.575001408167403,-2.737057183882942,-2.594629258038159,-4.748072028534151,-4.242369503154026,0.3646526069551301,-0.18993390549563063,-0.2891216693144378,0.28912166931444055,-0.3563985241989225,0.39120329551252647,0.2813309578840779,-0.8448524058657725,0.2996724113391754,0.04138682636213832,24.198554806196395,23.374449332551183,-3.8378781404940048,-3.7708303089728483,-4.269822477237646,-3.9147777535098096,-4.199918603973216,-4.5387329824349925,-4.400923421346599,-3.928668365250564,-4.764470946809831,-4.495717126763016,3.437035464343083,3.137028637812458,0.8742205240562811,1.4929148066652036,4.3542356171256325,4.792582808706948,0.22847781397758543,-0.5021190084716363,-3.1364772992350454,-0.5553683325377468,0.7124792502831021,-1.8660470055563982,-0.12934844820313768,-0.018901382392274256,-0.04912331749740885,0.197373148092816,1.7499969344544246,2.0254307334128185,0.012635041087346411,0.10449526303696043,-0.03826189507823146,-0.1654394242327901
32,0.028371904905534345,1.2777865641311736,7.358819844764594,-4.421069084872869,-0.6376697773215655,-0.7198378533241385,0.25126877009956755,0.14219401467521592,0.7894772345871679,0.6516448784355044,1.3236602829963928,0.5926027680468596,0.6381769385663676,0.0838570856985751,1.003352143728221,-0.08599411652899908,-0.01697028508966585,1.3109789671844612,0.7291629993167362,0.8194098422791777,1.727456350610525,0.6634839541367726,0.3706794911760301,0.5177719561074687,-0.08036616174522822,-1.1941189487409822,0.2448344104585657,0.45809270516594525,0.35463752448261854,0.27129338606684555,0.8519953077813247,0.024974584521847466,0.6357644029242546,-0.2908609420615779,-0.23055916339140503,0.19272928898306388,1.3469019298338036,0.8284052278422985,-0.14821167359194595,-0.1425000320621542,-0.4431482584312772,-0.909814678234873,1.4441468722800301,1.6189778394938532,-0.7058570483521267,0.2605028557565559,-0.34088904469738707,-0.38881995022345583,0.616495496924271,0.14952909786447413,0.8383325179980344,-0.10988394020530487,-0.03622360799104153,0.13965847037466866,1.7580357948897172,1.045271712186012,0.8343173360925311,0.016043612990807178,1.0292426034459312,0.5187878910128533,0.9014599659734718,0.24008077435227743,0.7947562559172556,0.750368248652841,0.506289981328179,0.000981264907682012,0.7315273547469642,0.11256952855348842,0.12710631755808974,-0.12710631755808827,0.33016856963040186,0.0009018046500375347,-0.6855689568159345,0.11003887269012441,-0.1765294782446924,0.08547998957350654,0.20530235807604355,0.24318666106148484,0.5313502524305257,0.009309413609097662,0.7182717633897735,0.6670896142688598,1.0015739290411187,1.1094367391647433,0.8150716827323724,1.1043135951461407,0.9444374602586942,0.4777548978907982,0.7801296259309721,-0.02281966690077656,-0.2855411541909998,-0.018258915660328022,-0.4365820914962522,-1.078916887730353,-1.3044012578068713,0.14877498859316704,-0.7625426163991486,-0.43094159166521606,-0.45389196361784606,-1.6445859017470794,0.23507779282236801,-0.09687365518663489,0.3144779124656478,-0.45268205010138324,0.12476247646226256,0.852902952213149,0.37727843896879654,1.640557462728419,0.07555697519134622,-0.34015472870043056
33,4.194041446474405,1.3765784751253693,3.107870269242038,3.949675816796221,1.424704664752991,-1.7347975766342991,1.351933026621924,1.7268469835863829,-0.0632952693481605,0.8864130329424489,1.7425063672721202,2.12308826218,3.2536174373322932,0.13807557006950905,2.627403451677299,-0.49175167660683883,2.1305180116618656,2.9391600661475517,-1.2673139079718267,0.6392241677373943,2.4538786269395474,-1.1573950378143743,-1.9754763574536887,-2.409399402895821,2.7145608575702904,-2.3268233537166876,0.6572472923922092,-0.7919749311128853,-1.1833427187987693,2.189175516237689,3.5115916902163757,-0.8367329320718354,-0.7177828974168768,1.485808256409092,1.3407806977804737,-0.0015879458190706274,1.7151114658911661,-1.2985631712609786,-0.06783513115392503,-1.110379724529926,0.058069648517478645,-2.3125780313107898,2.145424585931217,1.0302781172201592,0.44748787977400234,2.319808958867667,0.5169648602294675,0.636729267188428,2.59464281319558,-0.24095970580214854,1.6224766164650188,1.0539671453829924,0.473758319187606,-1.3063757971244834,-0.9073363544846699,-1.1547408730917048,-0.2974866397425908,-0.7636937809768948,1.8634101799337253,2.3734594064618664,-0.4452043755329313,-0.41693620436534606,-1.2124453025896504,-0.7499401997998412,0.8840927968721816,-0.9314399053418939,1.7926997952560118,2.45444031033811,0.2771514707845578,-0.2771514707845558,0.5878104671154695,2.6660980113200834,1.0400386200331495,1.053509999864665,2.9396822115433734,2.905877574420279,1.0927486925197958,0.5996542492297667,-0.5622166835606252,-0.09453439287916723,0.2161236694903627,0.21805673259938066,3.741881921001861,0.1908335909037261,-0.6701925010952509,-0.6733961085224888,-0.03202025473058033,0.11085732034389333,0.6775830649847624,0.43821547367926866,0.8405884688510923,0.9630443408435364,1.0988956923595325,1.3536520496814826,3.349212427287005,0.94786838470242,0.9946081950762197,1.1539509220105721,0.2509086118367563,0.38369992942095,-0.22830613391833776,-0.07140355933424002,-0.23648329590042233,0.5361929891529977,0.3242331500426215,-0.15926038414951826,-1.2492011442412,-0.8083041244868974,-2.003746339039127,-1.37462038861054
34,0.25015046472193525,3.9227629363005105,4.583709268258873,4.942555694420383,-6.540868773653546,-3.8055897640495764,-9.911706650472698,-9.858991020079698,-10.219559668620896,-9.901778994226003,-8.477094261346634,-7.533801924986546,-4.640902000114757,-10.975336769077519,-9.107770141604554,-9.98179651441176,-9.674488423586702,-9.268179032987543,-8.365591843864836,-8.494163410942605,-6.765997104991607,-7.5986178455588504,-8.80741397294524,-7.638845716920587,-9.862508111100455,-9.399789558351669,-9.197522560565442,-9.263920082702105,-8.75946703091279,-8.338131814410254,-3.398830746407509,-8.648629553051158,-6.871429262169387,-9.643491630066848,-9.035225482894635,-7.6477390369004645,-7.596159005487559,-8.128744335197634,-6.657006011869499,-6.144768260018164,-9.264795301034775,-7.261896139348485,-3.756572112322137,-3.9734645962639754,-9.939638928260475,-10.23836725829655,-7.283099558481834,-7.082766018379358,-7.234587177745915,-6.4981931941062925,-8.195569369806414,-9.09478029142436,-8.66924137460589,-8.372235878965846,-5.2444627815637235,-5.18479697591176,-1.1496787606009902,-0.5754966158653101,-6.065529595251489,-5.71123041427786,-7.0689952402499765,-7.629048764943649,-7.337401417821883,-7.348875031638443,-7.377862073793922,-7.915907065277096,1.373600194058893,0.8553839502542013,1.277480019813842,-1.2774800198138363,0.8091749797254382,-0.786656539419995,3.585079815586255,5.294158157370331,2.8405178099305632,3.321314440845377,5.155837794202629,3.631105352181888,-1.0454018929438214,-3.8499709812059177,-2.723893170926419,-4.047221256037493,-0.9292483336522546,-2.5196373281785296,-4.522194729277536,-4.706591836314852,3.1696817300447715,2.3113944380498097,7.4964115726613905,8.487527098924303,6.977232659652523,5.774540677454861,7.538672809065559,7.3981435087266325,5.674418942392226,6.107515702946423,6.204460374402185,4.988140654493172,5.404997881412427,6.031319822282842,-0.1230790805841199,-0.40555598407593163,0.3779764112271932,0.15065865343285628,-0.4647061957913766,-0.726075945951876,-5.762771685262029,-5.385490626379392,-5.784749581982282,-6.802518968083771
35,0.24585617312442953,0.8917079793899271,0.32797963383915046,0.053299945238619514,-4.065157626780691,-4.094693631773173,-6.507669627509228,-6.892418187402608,-6.750686407661224,-6.97495764535257,-7.434973498276232,-5.522143487447436,-4.653431521351403,-5.703558767289161,-5.8646357671935005,-6.307959461323246,-6.41160465163692,-4.582383636803618,-5.308901357551102,-7.203887879968896,-2.063087486130787,-6.1565464734517406,-7.09044368038458,-7.104631023236408,-5.725193959786675,-6.328331605485684,-7.035160265539601,-7.28393764176768,-7.846820679611734,-5.408135980380037,-5.406474731714099,-5.977459952043866,-5.687989217489684,-5.234847598948122,-5.104743715192765,-5.729788669789962,-5.553713913360902,-6.962806993806619,-0.5767983639309376,-5.380950265905186,-7.158507564092246,-7.719804359407659,1.0508398473642364,0.9705526155710952,3.1538149313814237,2.63191608007687,4.783554904932418,5.196797160861264,4.745930989765348,4.7613526019962285,3.942305057285178,3.6617764629328944,2.149913092870262,2.259838688845265,-2.134905394889582,-1.6391911792613256,3.431682005802096,3.2510612733997513,4.176551451843805,4.205747882592389,6.011079509420112,6.378491524742437,8.391437715903901,8.70193234856439,9.048032191351343,8.481476703349461,1.9249454099373133,1.990145016991543,0.13563908769545815,-0.13563908769545663,-1.0965242827177548,-0.5718684529891443,-0.03135910715347673,-0.13215948272652367,0.2973247140204312,1.3110569702236794,-2.8908001686770883,-2.6871975528937835,7.201766708423128,6.856712585588453,4.4134936713108,3.5606004806351224,0.5840801975806422,0.9583616338632203,-2.219686222481186,-2.340684962773067,-3.7336734555140154,-3.5515071805362353,-2.7126097312253257,-2.6793180504436376,2.1867260156019492,2.5427688829315773,6.87132176537909,6.57297439088807,-2.339203609177479,-2.59229971387787,-3.6651839338296837,-3.302448477369637,-2.6431826682526145,-3.297889684662544,0.1940841336673997,-0.03609111156159964,-0.23945061417883445,0.08145759207303149,3.4545587891603002,4.083828047265808,-0.08132002258051337,0.056142899588608776,-0.2251174279178408,-0.5142193406197606
36,-1.942627469832175,-5.736069090426643,-7.690837148680944,-7.59998696829487,-2.8654220729033626,-4.583569854625453,-4.412001077061025,2.311632658051283,-4.272263809407979,6.697837494687999,4.39241011983043,-11.60095549522672,-9.634244507176653,-0.2505050375048169,-3.440243507593475,-2.995949606793897,3.1614773210888436,-9.035005390950193,5.250932681083506,-0.15124765895923076,-4.521906813313713,2.366086360735224,-1.7105217177256413,-3.5849808520384965,1.0863161816290576,2.295888281125474,-5.899432165025062,0.9462551607440618,-0.6728196072100653,-0.6851720294328442,-1.7283133148929775,2.0739625721229134,2.6253619704308013,2.7543993919523535,3.1938377334997217,-8.68497684685518,-8.346385840952678,0.8624933275166685,-5.4880370921253805,1.3582417110809801,-1.99278935307262,-4.01785355392106,-7.032872996189954,-6.951748511917869,-0.8486526191509784,-0.6503234678563412,-2.286018024728624,-2.7578254689153923,-0.7248883836666348,-0.9981116566712547,-1.0404012608274447,-0.37756012515984694,0.5217904857568242,0.2443626737558602,-2.5450400206217476,-2.788277734706031,-0.5659703305975898,-0.8468792672218115,-0.11089938098057062,0.16757788108545085,0.5678582498867689,0.5402258933687619,1.8221258595330283,1.5766614821352167,2.2239546787057534,2.9672920884594465,1.5023638612433856,0.6726844423727708,-0.3602013530865272,0.360201353086526,0.10807171560653828,-0.07000639669315177,-0.5012221220927313,-0.3627075990448092,0.23105665491459956,0.0025488256075729765,-0.8940201943861843,-1.8832641089670068,0.5609726021333528,0.62598966050962,1.7283586841137812,2.524957027569416,2.478201892235891,2.1562151425464386,2.371004296149581,2.1674340405573393,1.3251472468042989,1.1320914046873771,1.5808422454728075,0.9685481259333266,-0.6470276974491894,-0.5226748511431178,-2.7606240548631344,-3.0604483999467194,-2.591237036431295,-1.5869974935371547,-4.234630619763884,-3.2049390032117655,-3.889849298174546,-3.0763032364508724,-0.4636283218622587,-0.08891824206084384,0.4427048047827609,0.10984175914034089,-0.9655940370988847,-1.5375693205781265,-2.3577827403424134,-2.428440490520704,-1.934028279640861,-2.2990709113457406
37,-1.5546097135739378,-1.450470659890775,0.7429971116705615,1.0349554826249836,-1.7293564527209622,-2.122697680564416,-1.322996106653039,-2.180217274903787,-2.4640480638377373,1.8406868489769699,-3.6707934697303917,1.9588433696546275,-4.00479853251423,-3.194133738185281,-3.617431722936526,-2.1673176996750554,-2.4434873090125326,-1.6183604158353977,-2.2654643563269103,-1.8062911453135388,-2.292060193599391,-1.038157373554895,-0.5380673754307921,3.100398205032696,-2.6879959084298015,-3.158226603184403,-1.9774701144528042,-1.7718762242406154,-1.9543630129871137,-4.005827827640526,-2.256801884559496,-1.5472502600642384,-1.8968941933446233,-2.3254270583233545,-2.6961264027566876,-2.3829979536587405,-1.735913731833587,-1.5404979655678261,3.476318134248082,-1.8407853885608059,-0.6213528264960276,-1.0728224733985539,-0.2866611380391102,-0.32466254334333444,-1.8089511446158282,-1.9008854818661671,-0.8778887310740242,-0.5492867363010298,-0.9909605871582209,-1.6550111529652263,-2.133353449967457,-2.176824163899463,-2.2452588403933005,-2.6871320285974893,-1.2491457829444312,-1.246420075792282,-0.9174623059138167,-1.6181956031800957,-1.5773611115460981,-2.1666705917351297,-2.0906828583157155,-2.1513240891791225,-1.772165802915124,-1.9005027274782198,-1.6946937751348572,-1.801301647873787,-2.296886916727387,-1.8750805377469744,1.424602761536296,-1.4246027615362966,-2.5931675059670747,-2.041670339814665,-2.134552212138348,-2.6301303865751753,-1.6919795396874027,-2.2221437687797003,-0.8237707620077288,-0.9736781698176485,-2.3630975456801475,-2.945935183901605,-2.0972512032090833,-2.5282440613019945,-1.6656897647481748,-1.6009449739947579,-1.3381131713365737,-1.7011301890668022,-1.5267636565949785,-1.4830985728237498,-1.0999854522561907,-1.381030273865445,-3.3582397249981204,-1.794372858736427,-2.3768115123100024,-1.8231840930015473,-0.47391436337404885,-1.0997807636409376,-0.8935150603746876,-0.9807654650313316,-1.0276730192662467,-1.4871786664650573,-0.27026461152177655,0.10083563995451057,-0.04543082968027217,0.2148598012475375,-1.906907110735951,-1.2434733258777364,-3.208271665405761,-2.2950397180717395,-3.9754857480117085,-3.659966690375627
38,5.995305353133187,4.848071520245058,6.397855198921332,7.732087190564309,8.793123681885199,8.044459266337993,4.838542321705486,8.066201654315536,5.769254156627367,6.450977738679198,5.861898037158929,2.452393300755496,-7.982749954314163,1.552317544445543,2.0772207569743,4.185772028423645,6.807297458641325,2.418201237839452,1.3106826337218929,-1.099478019624198,-3.48292119758468,-0.12271306820832842,3.5386702097443674,2.8814628502051334,4.1408892586747585,5.21729354981337,6.74367245346062,5.519879829365653,5.173112770107777,-3.1175426956609438,-8.875179152742097,1.2804292417849323,-5.603850211182695,3.292078481518264,4.338447015802707,-0.03175671622223505,1.9158406149427725,-2.1558687843304933,-4.58018643513511,-1.488444819820075,2.741591135657276,1.5422180999119743,-0.30252603771554165,-4.0525243961984545,1.1875974067139756,3.6591138628154174,1.9689132180969722,-0.7296462041317916,0.3398093498595457,-7.907279663316252,-1.0312989128627883,-1.1986332246978737,-2.051901397626184,-0.5884473443221288,-1.4803668233131608,-0.5331245986653692,-1.2411748228653472,-1.7990952482080744,-3.7022218449217146,-2.56388953380867,-2.5111361937352608,-4.573705816636629,-1.0490480125989217,1.752298881678966,-1.8305482663469088,0.8590965529138219,4.685009502505818,2.6775260826051444,-0.2902490537941655,0.2902490537941635,1.6622118573122182,0.37482627858915946,-0.6680649985062674,-2.164167244940261,-4.489741033138797,-5.930986713870058,-1.8222372135951814,-0.7079606667066286,-1.7092039233517669,1.2573824399323121,-1.3881279562011448,3.8454032325995717,-4.948121697904001,-5.602783471446519,-1.657387347990891,-1.4182988906863705,-3.3853135172447097,-0.5723874673689737,-4.351661827489525,-4.223372892368688,1.158480868960233,-0.9919605498159164,-4.300662453977282,-1.8402992970776855,-3.437694229841151,-1.5042091724457136,-2.5508504360124804,-5.229455219693489,-4.39368058688949,-3.4371078184111754,0.04032239370600262,0.524975623722917,-0.04506085946959794,-0.520237157959318,-0.37717329506760416,0.6413406870587651,4.075993853622252,5.815552718143678,3.2490489403860368,3.477576081916512
39,6.844449190138703,5.0975067310647555,4.040230642043031,3.8611207075716747,6.2345921647311515,4.9808225996846245,3.7644082650457285,2.336174466162497,1.247624498094512,0.6524962064565151,4.390770464067401,7.518907973413159,0.21481795755322647,1.5679145200901476,-0.5778682751885581,3.2775737630704187,2.250706755683126,1.6658436497669544,0.22099421201177855,2.4363045654798867,7.015373878420691,0.4830523256426206,1.608560864429207,2.453878636798515,1.2904228249185299,2.0185731217013734,2.027348011845404,1.807266496015332,2.117596526002767,9.728828898592658,1.46683853382218,5.297485169842114,0.7099943859444122,1.7824855142640925,1.7338282687288467,1.0330274963384671,1.2126951805005772,1.649593765298036,7.396021496058475,1.5483422374504783,0.3820701342492644,1.64912505330131,0.4981897705849965,1.5363528703676477,0.19272648611314344,-0.26302331339741863,0.09692626752040301,-0.5890092507132363,-0.3400858101061037,-0.32675351574910905,0.09444432635937047,-0.27049414470249517,-0.19521821148755283,0.014406635897763736,3.7907367962549907,3.418476607417335,0.7925376277973671,0.7726147812185135,-0.33175364135134244,0.4973194137096412,0.20630438155138714,0.1949878054619959,0.9598033574232557,0.8959945791126553,2.2334129852700184,1.61302368676876,0.3296944323518807,0.5209969011536593,-0.039804191368920286,0.03980419136892046,0.4557673599800994,0.25710039499757037,0.3000820964990845,0.4806884081161246,0.22417358743464824,0.29629862652906974,1.0379030276462053,1.1536654430346496,-0.4346163233145657,-0.1472816868751598,0.041125025645823994,-0.056028891443398766,-0.12217590863713589,0.27418541736799723,-0.22348446994226193,-0.4850474277988707,0.07803862800826615,0.26969901120075557,4.420559208628279,5.274933482501213,1.617794027722065,1.8336024691269235,3.7483311139796855,3.6289002918964197,4.836667821821385,4.82592374376754,6.055474065482328,5.637270938712078,7.9589782409382686,8.817011393602366,0.06631005434553856,-0.08769796278249443,-0.07971392586016293,0.1011018342971198,-0.747136053949999,-0.20432724356900717,-0.4277038318842082,-0.3017147122264914,0.32431038013363084,0.05624802437129279
40,-17.97020444255005,-10.273903509052692,-30.714370534337505,-30.726090127619113,4.46039692612254,2.4474800066353626,-2.996452457779089,-1.3787212519994585,-1.8018047837730944,0.2564916205221203,0.2634236561163587,-0.42316761503912836,1.7484683877942417,1.0233019209331178,-0.5756851740034483,-1.7015210712831488,-0.9035823914148641,-2.4349336062974665,-0.15163453232471902,-4.381487330869938,-1.4915750455746015,-3.736831417444443,-5.248779633834908,-2.3469478021334993,-1.0490619538944732,-1.6854787602121943,-3.2046789510986913,-2.151019040281012,-2.68592975297726,1.2652813032995531,0.19870790188987666,-1.4771268240346487,-0.5776298984875857,-0.8120908761237081,-1.255370173295888,-0.8473011628327195,-3.3590274191003546,-2.9600532608275336,-2.931583523922777,-2.7189905650546846,-5.076862440244701,-3.4845989146194007,-9.088309021053417,-10.033251942821916,-1.2507569357729411,-1.9427499039089522,-2.6355505872763443,-2.39502118777353,-3.8450529517759606,-4.2342430651730885,-3.88511958537819,-4.724023997758074,-4.205543392471084,-3.5271603052553075,-10.154123388304862,-10.096838104851436,-2.775563798951614,-2.7838481064279312,-1.9350826863226003,-2.0249568051757034,-2.2873081513721814,-2.0311129472354814,-2.3202939643012113,-1.6546537568783466,0.13444150769702234,-0.8498765000398858,-2.390269906365311,-2.0403984943967277,-0.023226285367261817,0.023226285367258223,-0.559565706483939,0.0705966949433587,-0.021047412533198057,0.05478546888490003,-0.07336902066944703,0.03446392620226702,0.25549313874051377,0.1081912711084848,-3.605508379404747,-3.383867314806248,-2.9758897052642617,-3.0568922595767396,-1.6512225359114292,-2.23496149416447,-2.4869624671681834,-1.9094474100959868,-1.1180339375655373,-1.1983694021869171,2.6392519379616157,2.322994027929418,-5.2895643554828125,-6.2245552702537505,-2.174323282499513,-1.3274499900306662,-1.0377076331584163,-1.2791644615473647,3.0149821236175796,2.8815267515384297,4.430664896663365,2.5738078165433573,-0.11889317650397886,0.1527625502100098,0.07233522948699019,-0.1062046031930187,0.17487114662184206,0.5147408899813147,1.9225837291917516,2.3288554480235253,2.1496575757568546,1.9982134750816152
